[
  {
    "object": "DESTRUCTIBLE",
    "type": "CRATE",
    "x": 3.0,
    "y": -3.0
  },
  {
    "object": "DESTRUCTIBLE",
    "type": "CRATE",
    "x": 0.0,
    "y": -3.0
  },
  {
    "object": "DESTRUCTIBLE",
    "type": "CRATE",
    "x": -3.0,
    "y": -3.0
  },
  {
    "object": "DESTRUCTIBLE",
    "type": "CRATE",
    "x": -3.0,
    "y": -6.0
  },
  {
    "object": "DESTRUCTIBLE",
    "type": "CRATE",
    "x": 0.0,
    "y": -6.0
  },
  {
    "object": "DESTRUCTIBLE",
    "type": "CRATE",
    "x": 3.0,
    "y": -6.0
  },
  {
    "object": "DESTRUCTIBLE",
    "type": "CRATE",
    "x": 3.0,
    "y": -9.0
  },
  {
    "object": "DESTRUCTIBLE",
    "type": "CRATE",
    "x": 0.0,
    "y": -9.0
  },
  {
    "object": "DESTRUCTIBLE",
    "type": "CRATE",
    "x": -3.0,
    "y": -9.0
  },
  {
    "object": "DESTRUCTIBLE",
    "type": "CRATE",
    "x": -3.0,
    "y": -12.0
  },
  {
    "object": "DESTRUCTIBLE",
    "type": "CRATE",
    "x": 0.0,
    "y": -12.0
  },
  {
    "object": "DESTRUCTIBLE",
    "type": "CRATE",
    "x": 3.0,
    "y": -12.0
  },
  {
    "object": "DESTRUCTIBLE",
    "type": "STONE",
    "x": 5.0,
    "y": 3.0
  },
  {
    "object": "INDESTRUCTIBLE",
    "type": "BUSH",
    "x": -5.0,
    "y": 3.0
  },
  {
    "object": "ITEM",
    "type": "AK47",
    "x": 0.0,
    "y": 3.0
  }
]